Date,Close,Nifty50
04-24-2024,658.122,22402.4
04-23-2024,652.321,22368
04-22-2024,649.7063,22336.4
04-19-2024,641.6291,22147
04-18-2024,641.9648,21995.85
04-16-2024,643.7749,22147.9
04-15-2024,642.0101,22272.5
04-12-2024,650.7151,22519.4
04-10-2024,654.1684,22753.8
04-09-2024,649.8691,22642.75
04-08-2024,649.544,22666.3
04-05-2024,648.6462,22513.7
04-04-2024,644.5665,22514.65
04-03-2024,644.492,22434.65
04-02-2024,637.7451,22453.3
04-01-2024,632.9981,22462
03-31-2024,617.9561,22326.9
03-28-2024,617.9979,22123.65
03-27-2024,613.8517,22004.7
03-26-2024,610.9961,22096.75
03-22-2024,608.5935,22011.95
03-21-2024,605.5274,21839.1
03-20-2024,592.6972,21817.45
03-19-2024,593.038,22055.7
03-18-2024,604.3264,22023.35
03-15-2024,598.5643,22146.65
03-14-2024,599.4033,21997.7
03-13-2024,584.2209,22335.7
03-12-2024,615.3383,22332.65
03-11-2024,624.4168,22493.55
03-07-2024,631.8441,22474.05
03-06-2024,628.6589,22356.3
03-05-2024,633.8832,22405.6
03-04-2024,636.4885,22378.4
03-01-2024,625.6191,22338.75
02-29-2024,617.32,21982.8
02-28-2024,612.7635,21951.15
02-27-2024,623.4515,22198.35
02-26-2024,626.8261,22122.05
02-23-2024,629.9541,22212.7
02-22-2024,627.5213,22217.45
02-21-2024,618.639,22055.05
02-20-2024,623.6985,22196.95
02-19-2024,623.4107,22122.25
02-16-2024,618.8035,22040.7
02-15-2024,616.7865,21910.75
02-14-2024,610.5419,21840.05
02-13-2024,602.0836,21743.25
02-12-2024,601.2888,21616.05
02-09-2024,619.1333,21782.5
02-08-2024,625.2797,21717.95
02-07-2024,625.0266,21930.5
02-06-2024,624.425,21929.4
02-05-2024,618.4539,21771.7
02-02-2024,614.9372,21853.8
02-01-2024,609.5428,21697.45
01-31-2024,612.6397,21725.7
01-30-2024,606.2594,21522.1
01-29-2024,606.6349,21737.6
01-25-2024,593.4329,21352.6
01-24-2024,589.2893,21453.95
01-23-2024,577.3682,21238.8
01-19-2024,592.9102,21571.8
01-18-2024,584.9413,21622.4
01-17-2024,581.2088,21462.25
01-16-2024,588.4435,21571.95
01-15-2024,591.8532,22032.3
01-12-2024,586.6376,22097.45
01-11-2024,583.5784,21894.55
01-10-2024,579.8525,21647.2
01-09-2024,575.7228,21618.7
01-08-2024,573.0221,21544.85
01-05-2024,580.3548,21513
01-04-2024,581.4106,21710.8
01-03-2024,573.5107,21658.6
01-02-2024,574.9393,21517.35
01-01-2024,575.5106,21665.8
12-29-2023,572.6229,21741.9
12-28-2023,571.0828,21731.4
12-27-2023,565.2779,21778.7
12-26-2023,562.8494,21654.75
12-22-2023,559.4307,21441.35
12-21-2023,554.4757,21349.4
12-20-2023,543.1603,21255.05
12-19-2023,560.5398,21150.15
12-18-2023,559.413,21453.1
12-15-2023,555.9159,21418.65
12-14-2023,552.6418,21456.65
12-13-2023,546.8147,21182.7
12-12-2023,544.1271,20926.35
12-11-2023,545.1836,20906.4
12-08-2023,542.3005,20997.1
12-07-2023,545.6007,20969.4
12-06-2023,544.7566,20901.15
12-05-2023,542.4513,20937.7
12-04-2023,538.6189,20855.1
12-01-2023,532.9267,20686.8
11-30-2023,529.9207,20267.9
11-29-2023,527.2359,20133.15
11-28-2023,524.6516,20096.6
11-24-2023,521.4137,19889.7
11-23-2023,519.5256,19794.7
11-22-2023,520.8136,19802
11-21-2023,520.8323,19811.85
11-20-2023,517.8723,19783.4
11-17-2023,518.0507,19694
11-16-2023,518.1875,19731.8
11-15-2023,515.8507,19765.2
11-13-2023,511.4833,19675.45
11-10-2023,508.0591,19443.55
11-09-2023,506.5073,19525.55
11-08-2023,506.6531,19425.35
11-07-2023,503.8797,19395.3
11-06-2023,500.9886,19443.5
11-03-2023,496.0214,19406.7
11-02-2023,493.5016,19411.75
11-01-2023,488.9437,19230.6
10-31-2023,490.7445,19133.25
10-30-2023,491.8466,18989.15
10-27-2023,488.9417,19079.6
10-26-2023,481.0964,19140.9
10-25-2023,485.3344,19047.25
10-23-2023,488.1296,18857.25
10-20-2023,502.7942,19122.15
10-19-2023,508.9801,19281.75
10-18-2023,508.2723,19542.65
10-17-2023,512.1752,19624.7
10-16-2023,511.4822,19671.1
10-13-2023,511.7966,19811.5
10-12-2023,513.4926,19731.75
10-11-2023,509.6298,19751.05
10-10-2023,506.8405,19794
10-09-2023,499.105,19811.35
10-06-2023,506.1952,19689.85
10-05-2023,503.4728,19512.35
10-04-2023,503.1118,19653.5
10-03-2023,509.2535,19545.75
09-29-2023,510.1892,19436.1
09-27-2023,509.9162,19528.75
09-26-2023,505.931,19638.3
09-25-2023,507.1205,19523.55
09-22-2023,504.9178,19716.45
09-21-2023,505.4111,19664.7
09-20-2023,509.4632,19674.55
09-18-2023,515.3509,19674.25
09-15-2023,517.3219,19742.35
09-14-2023,517.2682,19901.4
09-13-2023,514.4604,20133.3
09-12-2023,509.392,20192.35
09-11-2023,523.4955,20103.1
09-08-2023,519.2339,20070
09-07-2023,516.2478,19993.2
09-06-2023,513.5041,19996.35
09-05-2023,514.8495,19819.95
09-04-2023,510.5038,19727.05
09-01-2023,506.0071,19611.05
08-31-2023,499.6833,19574.9
08-30-2023,498.6422,19528.8
08-29-2023,496.0734,19435.3
08-28-2023,494.3455,19253.8
08-25-2023,491.2519,19347.45
08-24-2023,493.3728,19342.65
08-23-2023,495.597,19306.05
08-22-2023,493.014,19265.8
08-21-2023,489.7829,19386.7
08-18-2023,486.7658,19444
08-17-2023,486.6513,19396.45
08-16-2023,487.2222,19393.6
08-14-2023,487.0342,19310.15
08-11-2023,489.8236,19365.25
08-10-2023,489.7441,19465
08-09-2023,489.7213,19434.55
08-08-2023,487.1542,19428.3
08-07-2023,487.4403,19543.1
08-04-2023,485.5615,19632.55
08-03-2023,483.5954,19570.85
08-02-2023,484.3566,19597.3
08-01-2023,492.4168,19517
07-31-2023,494.0329,19381.65
07-28-2023,490.3967,19526.55
07-27-2023,488.0352,19733.55
07-26-2023,486.6652,19753.8
07-25-2023,482.7371,19646.05
07-24-2023,481.2048,19659.9
07-21-2023,481.8981,19778.3
07-20-2023,483.7496,19680.6
07-19-2023,480.6417,19672.35
07-18-2023,476.3157,19745
07-17-2023,477.4228,19979.15
07-14-2023,472.5808,19833.15
07-13-2023,469.0467,19749.25
07-12-2023,472.8072,19711.45
07-11-2023,473.7208,19564.5
07-10-2023,471.1914,19413.75
07-07-2023,470.6604,19384.3
07-06-2023,472.9681,19439.4
07-05-2023,469.7958,19355.9
07-04-2023,468.6484,19331.8
07-03-2023,468.1525,19497.3
06-30-2023,464.8939,19398.5
06-28-2023,461.827,19389
06-27-2023,459.9495,19322.55
06-26-2023,456.445,19189.05
06-23-2023,454.8568,18972.1
06-22-2023,458.2062,18817.4
06-21-2023,461.0123,18691.2
06-20-2023,459.9254,18665.5
06-19-2023,459.3799,18771.25
06-16-2023,460.3325,18856.85
06-15-2023,458.0509,18816.7
06-14-2023,458.8569,18755.45
06-13-2023,458.1731,18826
06-12-2023,453.472,18688.1
06-09-2023,450.8761,18755.9
06-08-2023,450.2968,18716.15
06-07-2023,453.2715,18601.5
06-06-2023,449.0824,18563.4
06-05-2023,447.1586,18634.55
06-02-2023,447.1616,18726.4
06-01-2023,445.7015,18599
05-31-2023,444.9679,18593.85
05-30-2023,444.8227,18534.1
05-29-2023,443.7904,18487.75
05-26-2023,442.5973,18534.4
05-25-2023,439.2528,18633.85
05-24-2023,438.8254,18598.65
05-23-2023,439.6208,18499.35
05-22-2023,438.6281,18321.15
05-19-2023,437.3023,18285.4
05-18-2023,437.0938,18348
05-17-2023,440.7943,18314.4
05-16-2023,440.9505,18203.4
05-15-2023,441.1073,18129.95
05-12-2023,438.3131,18181.75
05-11-2023,438.9294,18286.5
05-10-2023,440.44,18398.85
05-09-2023,441.0171,18314.8
05-08-2023,441.957,18297
05-05-2023,439.2494,18315.1
05-04-2023,443.8212,18265.95
05-03-2023,441.2705,18264.4
05-02-2023,441.2927,18069
04-28-2023,439.1088,18255.8
04-27-2023,432.8378,18089.85
04-26-2023,430.1221,17813.6
04-25-2023,428.5866,17769.25
04-24-2023,427.31,17743.4
04-21-2023,423.3056,17624.05
04-20-2023,424.776,17624.45
04-19-2023,424.7631,17618.75
04-18-2023,425.4257,17660.15
04-17-2023,426.5837,17706.85
04-13-2023,425.2551,17828
04-12-2023,423.3911,17812.4
04-11-2023,422.7408,17722.3
04-10-2023,420.4351,17624.05
04-06-2023,419.7046,17599.15
04-05-2023,417.2428,17557.05
04-03-2023,414.0913,17398.05
03-31-2023,412.9692,17359.75
03-29-2023,405.6889,17080.7
03-28-2023,398.841,16951.7
03-27-2023,400.065,16985.7
03-24-2023,402.0126,16945.05
03-23-2023,406.389,17076.9
03-22-2023,408.0107,17151.9
03-21-2023,406.6806,17107.5
03-20-2023,403.6544,16988.4
03-17-2023,408.5712,17100.05
03-16-2023,407.5458,16985.6
03-15-2023,408.2271,16972.15
03-14-2023,409.9926,17043.3
03-13-2023,413.8134,17154.3
03-10-2023,422.9941,17412.9
03-09-2023,425.3223,17589.6
03-08-2023,428.166,17754.4
03-06-2023,426.7152,17711.45
03-03-2023,423.7836,17594.35
03-02-2023,416.9519,17321.9
03-01-2023,416.7574,17450.9
02-28-2023,411.5642,17303.95
02-27-2023,411.8245,17392.7
02-24-2023,413.6675,17465.8
02-23-2023,417.6579,17511.25
02-22-2023,419.9875,17554.3
02-21-2023,423.0885,17826.7
02-20-2023,423.4486,17844.6
02-17-2023,424.093,17944.2
02-16-2023,426.927,18035.85
02-15-2023,424.8285,18015.85
02-14-2023,422.6622,17929.85
02-13-2023,420.8936,17770.9
02-10-2023,424.0102,17856.5
02-09-2023,422.2124,17893.45
02-08-2023,422.3221,17871.7
02-07-2023,420.2258,17721.5
02-06-2023,421.3982,17764.6
02-03-2023,420.5942,17854.05
02-02-2023,419.5636,17610.4
02-01-2023,419.4321,17616.3
01-31-2023,433.0378,17662.15
01-30-2023,423.949,17648.95
01-27-2023,424.7531,17604.35
01-25-2023,442.1765,17891.95
01-24-2023,451.7651,18118.3
01-23-2023,455.5978,18118.55
01-20-2023,456.0579,18027.65
01-19-2023,456.7902,18107.85
01-18-2023,458.8647,18165.35
01-17-2023,457.7088,18053.3
01-16-2023,458.2948,17894.85
01-13-2023,457.2042,17956.6
01-12-2023,455.1902,17858.2
01-11-2023,456.6552,17895.7
01-10-2023,456.3965,17914.15
01-09-2023,461.0877,18101.2
01-06-2023,456.3921,17859.45
01-05-2023,459.4917,17992.15
01-04-2023,458.1647,18042.95
01-03-2023,464.39,18232.55
01-02-2023,463.0524,18197.45
12-30-2022,458.5367,18105.3
12-29-2022,456.5859,18191
12-28-2022,454.104,18122.5
12-27-2022,453.1322,18132.3
12-26-2022,447.0757,18014.6
12-23-2022,432.2888,17806.8
12-22-2022,452.8286,18127.35
12-21-2022,457.6791,18199.1
12-20-2022,469.4595,18385.3
12-19-2022,470.5933,18420.45
12-16-2022,466.6317,18269
12-15-2022,472.5638,18414.9
12-14-2022,479.2129,18660.3
12-13-2022,477.5368,18608
12-12-2022,473.3293,18497.15
12-09-2022,469.5076,18496.6
12-08-2022,472.9486,18609.35
12-07-2022,470.4715,18560.5
12-06-2022,472.0921,18642.75
12-05-2022,472.888,18701.05
12-02-2022,470.68,18696.1
12-01-2022,470.3445,18812.5
11-30-2022,466.4177,18758.35
11-29-2022,465.3327,18618.05
11-28-2022,465.952,18562.75
11-25-2022,462.8711,18512.75
11-24-2022,460.0905,18484.1
11-23-2022,454.7714,18267.25
11-22-2022,453.0092,18244.2
11-21-2022,450.1365,18159.95
11-18-2022,452.8002,18307.65
11-17-2022,453.0714,18343.9
11-16-2022,454.9058,18409.65
11-15-2022,458.1527,18403.4
11-14-2022,456.6813,18329.15
11-11-2022,456.3384,18349.7
11-10-2022,455.2592,18028.2
11-09-2022,459.5895,18157
11-07-2022,457.1751,18202.8
11-04-2022,454.1409,18117.15
11-03-2022,450.7465,18052.7
11-02-2022,450.2956,18082.85
11-01-2022,449.9758,18145.4
10-31-2022,449.0175,18012.2
10-28-2022,444.9485,17786.8
10-27-2022,446.4745,17736.95
10-25-2022,443.2338,17656.35
10-21-2022,441.2413,17730.75
10-20-2022,444.2642,17576.3
10-19-2022,441.2333,17563.95
10-18-2022,440.986,17512.25
10-17-2022,436.6482,17486.95
10-14-2022,432.3336,17311.8
10-13-2022,431.0904,17185.7
10-12-2022,435.079,17014.35
10-11-2022,431.9516,17123.6
10-10-2022,440.3616,16983.55
10-07-2022,442.9235,17241
10-06-2022,442.8327,17314.65
10-04-2022,436.2376,17331.8
10-03-2022,426.2409,17274.3
09-30-2022,435.4204,16887.35
09-29-2022,428.6589,17094.35
09-28-2022,425.9595,16818.1
09-27-2022,431.0305,16858.6
09-26-2022,431.3278,17007.4
09-23-2022,447.9779,17016.3
09-22-2022,455.7871,17327.35
09-21-2022,456.6483,17629.8
09-20-2022,461.1044,17718.35
09-19-2022,456.339,17816.25
09-16-2022,450.0857,17622.25
09-15-2022,461.7917,17530.85
09-14-2022,458.666,17877.4
09-13-2022,452.4197,18003.75
09-12-2022,449.7435,18070.05
09-09-2022,445.7497,17936.35
09-08-2022,445.7158,17833.35
09-07-2022,442.6242,17798.75
09-06-2022,440.038,17624.4
09-05-2022,438.7297,17655.6
09-02-2022,434.6504,17665.8
09-01-2022,432.1281,17539.45
08-30-2022,432.5009,17542.8
08-29-2022,425.5544,17759.3
08-26-2022,427.4721,17312.9
08-25-2022,424.1415,17558.9
08-24-2022,426.4273,17522.45
08-23-2022,422.9413,17604.95
08-22-2022,419.3961,17577.5
08-19-2022,425.6255,17490.7
08-18-2022,426.4398,17758.45
08-17-2022,425.0967,17956.5
08-16-2022,423.6448,17944.25
08-12-2022,420.5312,17825.25
08-11-2022,418.5177,17698.15
08-10-2022,416.9533,17659
08-08-2022,419.2355,17534.75
08-05-2022,414.525,17525.1
08-04-2022,413.1156,17397.5
08-03-2022,414.6988,17382
08-02-2022,416.2977,17388.15
08-01-2022,416.3724,17345.45
07-29-2022,410.8752,17340.05
07-28-2022,406.665,17158.25
07-27-2022,405.3684,16929.6
07-26-2022,401.6512,16641.8
07-25-2022,404.1139,16483.85
07-22-2022,404.846,16631
07-21-2022,402.7675,16719.45
07-20-2022,397.037,16605.25
07-19-2022,395.1363,16520.85
07-18-2022,393.6394,16340.55
07-15-2022,387.2571,16278.5
07-14-2022,385.6373,16049.2
07-13-2022,386.3989,15938.65
07-12-2022,387.135,15966.65
07-11-2022,388.5625,16058.3
07-08-2022,385.2343,16216
07-07-2022,383.4928,16220.6
07-06-2022,377.6455,16132.9
07-05-2022,374.5004,15989.8
07-04-2022,375.6628,15810.85
07-01-2022,372.6963,15835.35
06-30-2022,372.2802,15752.05
06-29-2022,374.7966,15780.25
06-28-2022,375.1982,15799.1
06-27-2022,372.8533,15850.2
06-24-2022,368.3041,15832.05
06-23-2022,362.3185,15699.25
06-22-2022,359.0479,15556.65
06-21-2022,366.5313,15413.3
06-20-2022,354.7239,15638.8
06-17-2022,364.406,15350.15
06-16-2022,367.2114,15293.5
06-15-2022,378.8973,15360.6
06-14-2022,379.2083,15692.15
06-13-2022,378.4981,15732.1
06-10-2022,392.0808,15774.4
06-09-2022,394.8678,16201.8
06-08-2022,393.0355,16478.1
06-07-2022,393.4052,16356.25
06-06-2022,396.2892,16416.35
06-03-2022,396.0428,16569.55
06-02-2022,400.0785,16584.3
06-01-2022,396.9254,16628
05-31-2022,396.1791,16522.75
05-30-2022,396.1339,16584.55
05-27-2022,389.4526,16661.4
05-26-2022,387.9559,16352.45
05-25-2022,383.4327,16170.15
05-24-2022,391.3117,16025.8
05-23-2022,395.3917,16125.15
05-20-2022,401.2575,16214.7
05-19-2022,387.8922,16266.15
05-18-2022,396.3709,15809.4
05-17-2022,394.7612,16240.3
05-16-2022,380.7133,16259.3
05-13-2022,375.7065,15842.3
05-12-2022,375.9686,15782.15
05-11-2022,383.3116,15808
05-10-2022,391.6367,16167.1
05-09-2022,401.5198,16240.05
05-06-2022,408.8951,16301.85
05-05-2022,413.3193,16411.25
05-04-2022,411.389,16682.65
05-02-2022,425.3833,16677.6
04-29-2022,426.1999,17102.55
04-28-2022,430.7438,17245.05
04-27-2022,430.4459,17038.4
04-26-2022,432.801,17200.8
04-25-2022,424.4049,16953.95
04-22-2022,434.3617,17171.95
04-21-2022,439.6769,17392.6
04-20-2022,432.7994,17136.55
04-19-2022,432.786,16958.65
04-18-2022,438.348,17173.65
04-13-2022,442.7291,17475.65
04-12-2022,441.7512,17530.3
04-11-2022,448.6063,17674.95
04-08-2022,446.4141,17784.35
04-07-2022,438.6812,17639.55
04-06-2022,442.4704,17807.65
04-05-2022,440.145,17957.4
04-04-2022,439.5755,18053.4
04-01-2022,433.6629,17670.45
03-31-2022,426.6344,17464.75
03-30-2022,423.8589,17498.25
03-29-2022,421.1543,17325.3
03-28-2022,417.0388,17222
03-25-2022,416.8981,17153
03-24-2022,416.9754,17222.75
03-23-2022,411.3505,17245.65
03-22-2022,410.4933,17315.5
03-21-2022,408.0846,17117.6
03-17-2022,406.249,17287.05
03-16-2022,400.4542,16975.35
03-15-2022,393.5116,16663
03-14-2022,396.5978,16871.3
03-11-2022,395.735,16630.45
03-10-2022,394.1399,16594.9
03-09-2022,390.4001,16345.35
03-08-2022,381.3427,16013.45
03-07-2022,377.5451,15863.15
03-04-2022,385.2676,16245.35
03-03-2022,393.0178,16498.05
03-02-2022,390.8973,16605.95
02-28-2022,391.4625,16793.9
02-25-2022,385.9967,16658.4
02-24-2022,372.2561,16247.95
02-23-2022,393.8168,17063.25
02-22-2022,391.9184,17092.2
02-21-2022,398.4255,17206.65
02-18-2022,406.3437,17276.3
02-17-2022,409.4148,17304.6
02-16-2022,411.8206,17322.2
02-15-2022,412.5381,17352.45
02-14-2022,401.8845,16842.8
02-11-2022,419.5163,17374.75
02-10-2022,426.0843,17605.85
02-09-2022,424.5122,17463.8
02-08-2022,419.8725,17266.75
02-07-2022,423.7273,17213.6
02-04-2022,427.7644,17516.3
02-03-2022,427.5728,17560.2
02-02-2022,428.4422,17780
02-01-2022,422.8097,17576.85
01-31-2022,416.2018,17339.85
01-28-2022,412.4476,17101.95
01-27-2022,409.6557,17110.15
01-25-2022,411.1879,17277.95
01-24-2022,403.9729,17149.1
01-21-2022,421.6725,17617.15
01-20-2022,427.2569,17757
01-19-2022,428.0654,17938.4
01-18-2022,429.2541,18113.05
01-17-2022,436.6717,18308.1
01-14-2022,436.0684,18255.75
01-13-2022,433.6514,18257.8
01-12-2022,431.137,18212.35
01-11-2022,426.9969,18055.75
01-10-2022,428.2887,18003.3
01-07-2022,422.3439,17812.7
01-06-2022,420.8047,17745.9
01-05-2022,421.7094,17925.25
01-04-2022,420.9308,17805.25
01-03-2022,420.9773,17625.7
12-31-2021,415.2009,17354.05
12-30-2021,411.2734,17203.95
12-29-2021,413.5625,17213.6
12-28-2021,414.5226,17233.25
12-27-2021,409.0518,17086.25
12-24-2021,408.5464,17003.75
12-23-2021,410.9676,17072.6
12-22-2021,407.0025,16955.45
12-21-2021,400.7761,16770.85
12-20-2021,394.3788,16614.2
12-17-2021,406.8944,16985.2
12-16-2021,419.4511,17248.4
12-15-2021,421.2629,17221.4
12-14-2021,425.0774,17324.9
12-13-2021,427.2367,17368.25
12-10-2021,427.0369,17511.3
12-09-2021,423.8505,17516.85
12-08-2021,419.7246,17469.75
12-07-2021,414.6773,17176.7
12-06-2021,407.6491,16912.25
12-03-2021,415.1968,17196.7
12-02-2021,417.1599,17401.65
12-01-2021,415.0315,17166.9
11-30-2021,408.1606,16983.2
11-29-2021,409.9643,17053.95
11-26-2021,415.2055,17026.45
11-25-2021,427.2963,17536.25
11-24-2021,420.9557,17415.05
11-23-2021,421.5528,17503.35
11-22-2021,412.5738,17416.55
11-18-2021,421.2686,17764.8
11-17-2021,425.3877,17898.65
11-16-2021,425.867,17999.2
11-15-2021,426.5662,18109.45
11-12-2021,427.4882,18102.75
11-11-2021,423.7061,17873.6
11-10-2021,427.2801,18017.2
11-09-2021,428.824,18044.25
11-08-2021,424.0977,18068.55
11-03-2021,416.4317,17916.8
11-02-2021,416.9121,17829.2
11-01-2021,412.3075,17888.95
10-29-2021,405.5452,17929.65
10-28-2021,405.9522,17671.65
10-27-2021,419.1956,17857.25
10-26-2021,419.4008,18210.95
10-25-2021,411.1325,18268.4
10-22-2021,416.4211,18125.4
10-21-2021,421.3323,18114.9
10-20-2021,422.6803,18178.1
10-19-2021,428.6608,18266.6
10-18-2021,437.3117,18418.75
10-14-2021,431.6127,18477.05
10-13-2021,424.3979,18338.55
10-12-2021,419.7616,18161.75
10-11-2021,416.8753,17991.95
10-08-2021,412.7823,17945.95
10-07-2021,411.7057,17895.2
10-06-2021,407.2711,17790.35
10-05-2021,413.934,17646
10-04-2021,412.4177,17822.3
10-01-2021,404.5385,17691.25
09-30-2021,404.076,17532.05
09-29-2021,404.5813,17618.15
09-28-2021,403.4293,17711.3
09-27-2021,406.352,17748.6
09-24-2021,406.6033,17855.1
09-23-2021,409.661,17853.2
09-22-2021,403.1128,17822.95
09-21-2021,397.9341,17546.65
09-20-2021,393.4964,17562
09-17-2021,401.8896,17396.9
09-16-2021,407.8981,17585.15
09-15-2021,404.4779,17629.5
09-14-2021,402.656,17519.45
09-13-2021,399.9032,17380
09-09-2021,397.1275,17355.3
09-08-2021,396.9296,17369.25
09-07-2021,395.1806,17353.5
09-06-2021,397.911,17362.1
09-03-2021,394.6679,17377.8
09-02-2021,389.3955,17323.6
09-01-2021,386.7709,17234.15
08-31-2021,386.1517,17076.25
08-30-2021,384.8324,17132.2
08-27-2021,379.7865,16931.05
08-26-2021,375.9242,16705.2
08-25-2021,378.0635,16636.9
08-24-2021,373.771,16634.65
08-23-2021,365.4186,16624.6
08-20-2021,368.7107,16496.45
08-18-2021,376.5211,16450.5
08-17-2021,378.3913,16568.85
08-16-2021,383.7121,16614.6
08-13-2021,382.2826,16563.05
08-12-2021,383.4117,16529.1
08-11-2021,378.0203,16364.4
08-10-2021,375.4476,16282.25
08-09-2021,383.989,16280.1
08-06-2021,388.6803,16258.25
08-05-2021,389.3676,16238.2
08-04-2021,390.7053,16294.6
08-03-2021,393.052,16258.8
08-02-2021,390.8818,16130.75
07-30-2021,385.2861,15885.15
07-29-2021,383.0764,15763.05
07-28-2021,379.9181,15778.45
07-27-2021,380.0107,15709.4
07-26-2021,379.3912,15746.45
07-23-2021,376.63,15824.45
07-22-2021,374.7438,15856.05
07-20-2021,369.691,15824.05
07-19-2021,374.8042,15632.1
07-16-2021,374.4988,15752.4
07-15-2021,372.456,15923.4
07-14-2021,371.3086,15924.2
07-13-2021,369.3207,15853.95
07-12-2021,367.8874,15812.35
07-09-2021,365.7876,15692.6
07-08-2021,363.779,15689.8
07-07-2021,367.2077,15727.9
07-06-2021,365.3512,15879.65
07-05-2021,366.3791,15818.25
07-02-2021,361.425,15834.35
07-01-2021,359.4057,15722.2
06-30-2021,359.1634,15680
06-29-2021,358.9995,15721.5
06-28-2021,360.1143,15748.45
06-25-2021,360.4647,15814.7
06-24-2021,355.3217,15860.35
06-23-2021,356.4681,15790.45
06-22-2021,356.5676,15686.95
06-21-2021,355.3305,15772.75
06-18-2021,352.523,15746.5
06-17-2021,355.5853,15683.35
06-16-2021,360.1638,15691.4
06-15-2021,361.1063,15767.55
06-14-2021,361.4112,15869.25
06-11-2021,362.5209,15811.85
06-10-2021,360.1352,15799.35
06-09-2021,356.387,15737.75
06-08-2021,360.426,15635.35
06-07-2021,361.4721,15740.1
06-04-2021,357.5439,15751.65
06-03-2021,357.1514,15670.25
06-02-2021,355.39,15690.35
06-01-2021,354.5447,15576.2
05-31-2021,356.6487,15574.85
05-28-2021,353.7141,15582.8
05-27-2021,352.6632,15435.65
05-26-2021,351.2468,15337.85
05-25-2021,351.0048,15301.45
05-24-2021,351.4714,15208.45
05-21-2021,350.1999,15197.7
05-20-2021,348.3876,15175.3
05-19-2021,349.0781,14906.05
05-18-2021,349.3207,15030.15
05-17-2021,346.5588,15108.1
05-14-2021,343.6998,14923.15
05-12-2021,348.4169,14677.8
05-11-2021,353.0744,14696.5
05-10-2021,351.4281,14850.75
05-07-2021,345.3118,14942.35
05-06-2021,339.7011,14823.15
05-05-2021,336.1454,14724.8
05-04-2021,331.009,14617.85
05-03-2021,332.0953,14496.5
04-30-2021,327.1001,14634.15
04-29-2021,327.0622,14894.9
04-28-2021,326.7439,14864.55
04-27-2021,322.3181,14653.05
04-26-2021,317.3442,14485
04-23-2021,315.2187,14341.35
04-22-2021,315.7656,14406.15
04-20-2021,313.1154,14296.4
04-19-2021,311.73,14359.45
04-16-2021,317.0113,14617.85
04-15-2021,312.6782,14581.45
04-13-2021,312.8047,14504.8
04-12-2021,309.9407,14310.8
04-09-2021,320.3335,14834.85
04-08-2021,318.2094,14873.8
04-07-2021,313.3478,14819.05
04-06-2021,310.1315,14683.5
04-05-2021,308.0105,14637.8
04-01-2021,306.6322,14867.35
03-31-2021,300.8904,14690.7
03-30-2021,300.3626,14845.1
03-26-2021,295.6177,14507.3
03-25-2021,292.9885,14324.9
03-24-2021,298.8527,14549.4
03-23-2021,303.7109,14814.75
03-22-2021,302.223,14736.4
03-19-2021,298.5362,14744
03-18-2021,292.9341,14557.85
03-17-2021,295.4107,14721.3
03-16-2021,299.277,14910.45
03-15-2021,297.3955,14929.5
03-12-2021,295.8787,15030.95
03-10-2021,294.7614,15174.8
03-09-2021,293.2761,15098.4
03-08-2021,293.8658,14956.2
03-05-2021,292.4102,14938.1
03-04-2021,297.1538,15080.75
03-03-2021,297.2237,15245.6
03-02-2021,295.386,14919.1
03-01-2021,290.4192,14761.55
02-26-2021,285.1341,14529.15
02-25-2021,288.7007,15097.35
02-24-2021,283.9634,14982
02-23-2021,282.6089,14707.8
02-22-2021,280.6254,14675.7
02-19-2021,285.9386,14981.75
02-18-2021,287.2961,15118.95
02-17-2021,285.5862,15208.9
02-16-2021,284.0923,15313.45
02-15-2021,282.9108,15314.7
02-12-2021,282.7578,15163.3
02-11-2021,283.6795,15173.3
02-10-2021,283.0587,15106.5
02-09-2021,282.0833,15109.3
02-08-2021,280.864,15115.8
02-05-2021,277.883,14924.25
02-04-2021,279.6096,14895.65
02-03-2021,278.6469,14789.95
02-02-2021,273.5917,14647.85
02-01-2021,269.4364,14281.2
01-29-2021,264.4555,13634.6
01-28-2021,266.1315,13817.55
01-27-2021,264.9153,13967.5
01-25-2021,271.1068,14238.9
01-22-2021,273.2304,14371.9
01-21-2021,277.0279,14590.35
01-20-2021,281.3252,14644.7
01-19-2021,280.7569,14521.15
01-18-2021,278,14281.3
01-15-2021,284.0095,14433.7
01-14-2021,283.2793,14595.6
01-13-2021,280.3811,14564.85
01-12-2021,280.1343,14563.45
01-11-2021,279.9335,14484.75
01-08-2021,279.8794,14347.25
01-07-2021,275.1063,14137.35
01-06-2021,274.0424,14146.25
01-05-2021,273.0884,14199.5
01-04-2021,271.6177,14132.9
01-01-2021,268.7654,14018.5
12-31-2020,266.7639,13981.75
12-30-2020,266.9707,13981.95
12-29-2020,266.9523,13932.6
12-28-2020,266.6917,13873.2
12-24-2020,261.8348,13749.25
12-23-2020,259.3963,13601.1
12-22-2020,254.541,13466.3
12-21-2020,249.4803,13328.4
12-18-2020,260.2399,13760.55
12-17-2020,257.9854,13740.7
12-16-2020,257.4573,13682.7
12-15-2020,255.9683,13567.85
12-14-2020,256.0395,13558.15
12-11-2020,255.3039,13513.85
12-10-2020,255.3449,13478.3
12-09-2020,255.7038,13529.1
12-08-2020,255.5293,13392.95
12-07-2020,255.3987,13355.75
12-04-2020,249.7704,13258.55
12-03-2020,248.2805,13133.9
12-02-2020,246.5428,13113.75
12-01-2020,243.9554,13109.05
11-27-2020,239.6826,12968.95
11-26-2020,238.1662,12987
11-25-2020,236.4747,12858.4
11-24-2020,238.3562,13055.15
11-23-2020,235.8184,12926.45
11-20-2020,233.9565,12859.05
11-19-2020,233.1739,12771.7
11-18-2020,234.465,12938.25
11-17-2020,233.717,12874.2
11-13-2020,231.2546,12780.25
11-12-2020,230.5141,12719.95
11-11-2020,228.6595,12690.8
11-10-2020,226.5526,12749.15
11-09-2020,229.6997,12631.1
11-06-2020,228.3312,12461.05
11-05-2020,228.6516,12263.55
11-04-2020,225.3305,12120.3
11-03-2020,224.7543,11908.5
11-02-2020,224.6487,11813.5
10-30-2020,224.7245,11669.15
10-29-2020,224.446,11642.4
10-28-2020,224.7307,11670.8
10-27-2020,224.803,11729.6
10-26-2020,224.7117,11889.4
10-23-2020,225.2746,11767.75
10-22-2020,222.733,11930.35
10-21-2020,222.3191,11896.45
10-20-2020,222.3744,11937.65
10-19-2020,221.1567,11896.8
10-16-2020,219.1125,11873.05
10-15-2020,218.0889,11762.45
10-14-2020,223.3118,11680.35
10-13-2020,224.395,11971.05
10-12-2020,224.4114,11934.5
10-09-2020,225.7289,11930.95
10-08-2020,226.7612,11914.2
10-07-2020,225.6719,11834.6
10-06-2020,226.5881,11738.85
10-05-2020,224.9231,11662.4
10-01-2020,224.3899,11503.35
09-30-2020,222.9988,11416.95
09-29-2020,223.0837,11247.55
09-28-2020,223.9133,11222.4
09-25-2020,219.0889,11227.55
09-24-2020,213.7726,11050.25
09-23-2020,218.8701,10805.55
09-22-2020,218.684,11131.85
09-21-2020,220.8832,11153.65
09-18-2020,230.4466,11250.55
09-17-2020,228.66,11504.95
09-16-2020,227.795,11516.1
09-15-2020,224.0264,11604.55
09-14-2020,222.0628,11521.8
09-11-2020,219.3019,11440.05
09-10-2020,215.8125,11464.45
09-09-2020,211.9275,11449.25
09-08-2020,214.4268,11278
09-07-2020,216.5634,11317.35
09-04-2020,216.3076,11355.05
09-03-2020,220.3677,11333.85
09-02-2020,220.4013,11527.45
09-01-2020,215.333,11535
08-31-2020,213.7874,11470.25
08-28-2020,222.7137,11387.5
08-27-2020,223.6997,11647.6
08-26-2020,224.1495,11559.25
08-25-2020,224.3561,11549.6
08-24-2020,224.3269,11472.25
08-21-2020,220.6265,11466.45
08-20-2020,217.5654,11371.6
08-19-2020,216.8832,11312.2
08-18-2020,215.6029,11408.4
08-17-2020,214.6123,11385.35
08-14-2020,213.1982,11247.1
08-13-2020,214.8887,11178.4
08-12-2020,215.5517,11300.45
08-11-2020,216.5475,11308.4
08-10-2020,217.4472,11322.5
08-07-2020,211.7879,11270.15
08-06-2020,210.514,11214.05
08-05-2020,209.7241,11200.15
08-04-2020,207.8,11101.65
08-03-2020,207.8532,11095.25
07-31-2020,205.3151,10891.6
07-30-2020,199.567,11073.45
07-29-2020,199.6129,11102.15
07-28-2020,197.3851,11202.85
07-27-2020,196.4982,11300.55
07-24-2020,195.9874,11131.8
07-23-2020,195.1115,11194.15
07-22-2020,192.567,11215.45
07-21-2020,192.918,11132.6
07-20-2020,193.2298,11162.25
07-17-2020,192.4213,11022.2
07-16-2020,190.358,10901.7
07-15-2020,189.0672,10739.95
07-14-2020,190.0987,10618.2
07-13-2020,191.1319,10607.35
07-10-2020,188.1756,10802.7
07-09-2020,187.2188,10768.05
07-08-2020,186.1101,10813.45
07-07-2020,185.9296,10705.75
07-06-2020,186.4097,10799.65
07-03-2020,185.1447,10763.65
07-02-2020,183.6342,10607.35
07-01-2020,183.3281,10551.7
06-30-2020,182.2576,10430.05
06-29-2020,182.9008,10302.1
06-26-2020,184.4335,10312.4
06-25-2020,185.9374,10383
06-24-2020,182.8073,10288.9
06-23-2020,187.4722,10305.3
06-22-2020,185.6797,10471
06-19-2020,180.2459,10311.2
06-18-2020,179.7788,10244.4
06-17-2020,178.5103,10091.65
06-16-2020,175.7894,9881.15
06-15-2020,174.333,9914
06-12-2020,172.4701,9813.7
06-11-2020,171.9108,9972.9
06-10-2020,173.4024,9902
06-09-2020,171.1115,10116.15
06-08-2020,172.4299,10046.65
06-05-2020,173.3654,10167.45
06-04-2020,171.2223,10142.15
06-03-2020,170.1785,10029.1
06-02-2020,169.9683,10061.55
06-01-2020,168.6933,9979.1
05-29-2020,165.9327,9826.15
05-28-2020,164.3502,9580.3
05-27-2020,164.61,9490.1
05-26-2020,163.075,9314.95
05-22-2020,163.1558,9029.05
05-21-2020,163.3513,9039.25
05-20-2020,160.7907,9106.25
05-19-2020,159.3899,9066.55
05-18-2020,157.7978,8879.1
05-15-2020,160.1934,8823.25
05-14-2020,160.2912,9136.85
05-13-2020,159.7067,9142.75
05-12-2020,159.6607,9383.55
05-11-2020,160.5837,9196.55
05-08-2020,160.5745,9239.2
05-07-2020,159.9022,9251.5
05-06-2020,159.9011,9199.05
05-05-2020,158.8565,9270.9
05-04-2020,159.4592,9205.6
04-30-2020,161.1409,9293.5
04-29-2020,159.9404,9553.35
04-28-2020,157.4754,9380.9
04-27-2020,157.5136,9282.3
04-24-2020,153.8874,9154.4
04-23-2020,156.2677,9313.9
04-22-2020,155.3289,9187.3
04-21-2020,153.2085,8981.45
04-20-2020,155.8118,9261.85
04-17-2020,157.8083,9266.75
04-16-2020,156.5146,8992.8
04-15-2020,155.1071,8925.3
04-13-2020,155.0241,8993.85
04-09-2020,154.6218,9111.9
04-08-2020,150.4018,8748.75
04-07-2020,146.0061,8792.2
04-03-2020,134.8635,8083.8
04-01-2020,135.2575,8253.8
03-31-2020,137.9742,8597.75
03-30-2020,132.3671,8281.1
03-27-2020,133.6611,8660.25
03-26-2020,133.9914,8641.45
03-25-2020,128.2753,8317.85
03-24-2020,125.2688,7801.05
03-23-2020,124.2583,7610.25
03-20-2020,138.3564,8745.45
03-19-2020,129.857,8263.45
03-18-2020,133.6353,8468.8
03-17-2020,141.6386,8967.05
03-16-2020,144.6167,9197.4
03-13-2020,155.5383,9955.2
03-12-2020,152.2664,9590.15
03-11-2020,166.156,10458.4
03-09-2020,166.439,10451.45
03-06-2020,175.6191,10989.45
03-05-2020,180.2316,11269
03-04-2020,178.5825,11251
03-03-2020,179.5063,11303.3
03-02-2020,175.1242,11132.75
02-28-2020,175.1229,11201.75
02-27-2020,182.5336,11633.3
02-26-2020,183.7762,11678.5
02-25-2020,186.2413,11797.9
02-24-2020,187.151,11829.4
02-20-2020,191.4804,12080.85
02-19-2020,190.6162,12125.9
02-18-2020,185.8979,11992.5
02-17-2020,185.7832,12045.8
02-14-2020,188.6959,12113.45
02-13-2020,190.1336,12174.65
02-12-2020,190.3507,12201.2
02-11-2020,188.9312,12107.9
02-10-2020,187.6062,12031.5
02-07-2020,189.1849,12098.35
02-06-2020,187.811,12137.95
02-05-2020,186.4887,12089.15
02-04-2020,184.7199,11979.65
02-03-2020,181.1929,11707.9
01-31-2020,188.1163,11661.85
01-30-2020,189.4044,11962.1
01-29-2020,192.0917,12035.8
01-28-2020,191.5764,12129.5
01-27-2020,192.9998,12055.8
01-24-2020,193.5683,12119
01-23-2020,191.4278,12248.25
01-22-2020,189.1987,12180.35
01-21-2020,188.6959,12106.9
01-20-2020,189.1692,12169.85
01-17-2020,189.9419,12224.55
01-16-2020,189.8235,12352.35
01-15-2020,189.7457,12355.5
01-14-2020,189.8458,12343.3
01-13-2020,189.59,12362.3
01-10-2020,187.9649,12329.55
01-09-2020,186.9347,12256.8
01-08-2020,184.0902,12215.9
01-07-2020,184.5715,12025.35
01-06-2020,183.0497,12052.95
01-03-2020,187.2149,11993.05
01-02-2020,187.5911,12226.65
01-01-2020,185.5863,12282.2
12-31-2019,185.8283,12182.5
12-30-2019,186.2726,12168.45
12-27-2019,186.6462,12255.85
12-26-2019,184.9426,12245.8
12-24-2019,185.2459,12126.55
12-23-2019,185.9066,12214.55
12-20-2019,186.2408,12262.75
12-19-2019,185.7646,12271.8
12-18-2019,185.0249,12259.7
12-17-2019,184.7017,12221.65
12-16-2019,184.3736,12165
12-13-2019,185.9364,12053.95
12-12-2019,184.4227,12086.7
12-11-2019,183.252,11971.8
12-10-2019,183.1635,11910.15
12-09-2019,186.0208,11856.8
12-06-2019,187.1854,11937.5
12-05-2019,189.0768,11921.5
12-04-2019,190.1613,12018.4
12-03-2019,190.828,12043.2
12-02-2019,191.3068,11994.2
11-29-2019,191.7823,12048.2
11-28-2019,192.7814,12056.05
11-27-2019,191.7907,12151.15
11-26-2019,190.9963,12100.7
11-25-2019,192.6503,12037.7
11-22-2019,191.8648,12073.75
11-21-2019,193.5376,11914.4
11-20-2019,192.5762,11968.4
11-19-2019,191.738,11999.1
11-18-2019,190.992,11940.1
11-15-2019,192.0974,11884.5
11-14-2019,192.8314,11895.45
11-13-2019,193.261,11872.1
11-11-2019,191.9059,11840.45
11-08-2019,190.3884,11913.45
11-07-2019,191.6573,11908.15
11-06-2019,192.4167,12012.05
11-05-2019,190.793,11966.05
11-04-2019,192.9435,11917.2
11-01-2019,193.2364,11941.3
10-31-2019,194.8943,11890.6
10-30-2019,194.8894,11877.45
10-29-2019,191.6044,11844.1
10-25-2019,187.9724,11786.85
10-24-2019,186.1045,11627.15
10-23-2019,187.4873,11583.9
10-22-2019,186.063,11582.6
10-18-2019,184.0682,11604.1
10-17-2019,181.2495,11588.35
10-16-2019,178.7587,11661.85
10-15-2019,175.4392,11586.35
10-14-2019,174.045,11464
10-11-2019,172.6048,11428.3
10-10-2019,172.0018,11341.15
10-09-2019,174.0035,11305.05
10-07-2019,172.3251,11234.55
10-04-2019,173.7208,11313.3
10-03-2019,176.6762,11126.4
10-01-2019,176.7051,11174.75
09-30-2019,176.9052,11314
09-27-2019,177.8227,11359.9
09-26-2019,177.6167,11474.45
09-25-2019,175.2946,11512.4
09-24-2019,177.8148,11571.2
09-23-2019,178.8139,11440.2
09-20-2019,174.8857,11588.2
09-19-2019,165.3622,11600.2
09-18-2019,167.2632,11274.2
09-17-2019,165.5552,10704.8
09-16-2019,169.6932,10840.65
09-13-2019,171.3592,10817.6
09-12-2019,170.6834,11003.5
09-11-2019,171.3374,11075.9
09-09-2019,170.7594,10982.8
09-06-2019,169.5678,11035.7
09-05-2019,167.2972,11003.05
09-04-2019,167.5716,10946.2
09-03-2019,167.2577,10847.9
08-30-2019,170.4405,10844.65
08-29-2019,169.042,10797.9
08-28-2019,170.8669,11023.25
08-27-2019,170.7237,10948.3
08-26-2019,167.6774,11046.1
08-23-2019,163.5216,11105.35
08-22-2019,162.9895,11057.85
08-21-2019,165.6782,10829.35
08-20-2019,169.097,10741.35
08-19-2019,171.2623,10918.7
08-16-2019,171.7806,11017
08-14-2019,170.1201,11053.9
08-13-2019,167.3811,11047.8
08-09-2019,171.6874,11029.4
08-08-2019,170.0942,10925.85
08-07-2019,168.2852,11109.65
08-06-2019,170.7068,11032.45
08-05-2019,168.0607,10855.5
08-02-2019,170.5876,10948.25
08-01-2019,170.1559,10862.6
07-31-2019,173.4209,10997.35
07-30-2019,171.6973,10980
07-29-2019,174.7833,11118
07-26-2019,178.2724,11085.4
07-25-2019,177.3253,11189.2
07-24-2019,176.5809,11284.3
07-23-2019,179.0266,11252.15
07-22-2019,179.8519,11271.3
07-19-2019,180.3844,11331.05
07-18-2019,183.2364,11346.2
07-17-2019,185.5142,11419.25
07-16-2019,184.8477,11596.9
07-15-2019,184.6251,11687.5
07-12-2019,184.5683,11662.6
07-11-2019,183.4576,11588.35
07-10-2019,180.5929,11552.5
07-09-2019,182.6783,11582.9
07-08-2019,181.0041,11498.9
07-05-2019,186.4998,11555.9
07-04-2019,188.6398,11558.6
07-03-2019,187.4397,11811.15
07-02-2019,186.4436,11946.75
07-01-2019,185.9327,11916.75
06-28-2019,185.3163,11910.3
06-27-2019,184.2701,11865.6
06-26-2019,183.8267,11788.85
06-25-2019,182.0233,11841.55
06-24-2019,181.5477,11847.55
06-21-2019,181.8231,11796.45
06-20-2019,182.1284,11699.65
06-19-2019,179.6819,11724.1
06-18-2019,180.6364,11831.75
06-17-2019,180.1579,11691.45
06-14-2019,182.4792,11691.5
06-13-2019,183.7583,11672.15
06-12-2019,184.1438,11823.3
06-11-2019,185.7021,11914.05
06-10-2019,185.2833,11906.2
06-07-2019,184.621,11965.6
06-06-2019,184.454,11922.7
06-04-2019,187.8848,11870.65
06-03-2019,189.3384,11843.75
05-31-2019,187.5936,12021.65
05-30-2019,187.9006,12088.55
05-29-2019,187.1368,11922.8
05-28-2019,189.4261,11945.9
05-27-2019,189.8915,11861.1
05-24-2019,185.2516,11928.75
05-23-2019,179.9164,11924.75
05-22-2019,179.6736,11844.1
05-21-2019,178.7671,11657.05
05-20-2019,180.1419,11737.9
05-17-2019,173.5509,11709.1
05-16-2019,172.9301,11828.25
05-15-2019,171.9748,11407.15
05-14-2019,173.3152,11257.1
05-13-2019,171.632,11157
05-10-2019,175.436,11222.05
05-09-2019,175.3756,11148.2
05-08-2019,176.6304,11278.9
05-07-2019,178.5036,11301.8
05-06-2019,180.3936,11359.45
05-03-2019,182.2297,11497.9
05-02-2019,181.9143,11598.25
04-30-2019,182.243,11712.25
04-26-2019,183.6331,11754.65
04-25-2019,182.1831,11641.8
04-24-2019,183.4116,11726.15
04-23-2019,181.9584,11575.95
04-22-2019,181.2614,11594.45
04-18-2019,184.5485,11752.8
04-16-2019,185.6075,11787.15
04-15-2019,185.0561,11690.35
04-12-2019,185.0482,11643.45
04-11-2019,183.4678,11596.7
04-10-2019,182.4022,11584.3
04-09-2019,183.2872,11671.95
04-08-2019,182.6638,11604.5
04-05-2019,182.0547,11665.95
04-04-2019,181.1686,11598
04-03-2019,182.4745,11643.95
04-02-2019,183.8212,11713.2
04-01-2019,184.5428,11669.15
03-31-2019,183.7462,11623.9
03-29-2019,183.7683,11570
03-28-2019,181.616,11445.05
03-27-2019,179.9847,11483.25
03-26-2019,179.4144,11354.25
03-25-2019,177.2427,11456.9
03-22-2019,179.4631,11521.05
03-20-2019,180.7152,11532.4
03-19-2019,181.1448,11462.2
03-18-2019,179.8579,11426.85
03-15-2019,179.6278,11343.25
03-14-2019,179.098,11341.7
03-13-2019,179.0405,11301.2
03-12-2019,179.8386,11168.05
03-11-2019,178.0827,11035.4
03-08-2019,175.0211,11058.2
03-07-2019,175.2824,11053
03-06-2019,175.1356,10987.45
03-05-2019,173.9454,10863.5
03-01-2019,170.7099,10792.5
02-28-2019,168.8831,10806.65
02-27-2019,168.2573,10835.3
02-26-2019,167.585,10880.1
02-25-2019,168.28,10791.65
02-22-2019,167.6778,10789.85
02-21-2019,167.1961,10735.45
02-20-2019,166.1329,10604.35
02-19-2019,164.895,10640.95
02-18-2019,164.1053,10724.4
02-15-2019,165.2388,10746.05
02-14-2019,166.9622,10793.65
02-13-2019,166.4927,10831.4
02-12-2019,168.5145,10888.8
02-11-2019,169.152,10943.6
02-08-2019,171.5523,11069.4
02-07-2019,173.9643,11062.45
02-06-2019,172.7283,10934.35
02-05-2019,171.3545,10912.25
02-04-2019,172.4602,10893.65
02-01-2019,173.7729,10830.95
01-31-2019,174.7303,10651.8
01-30-2019,173.258,10652.2
01-29-2019,171.0762,10661.55
01-28-2019,169.4688,10780.55
01-25-2019,172.8335,10849.8
01-24-2019,174.6452,10831.5
01-23-2019,174.5433,10922.75
01-22-2019,176.2037,10961.85
01-21-2019,176.0536,10906.95
01-18-2019,177.2786,10905.2
01-17-2019,179.442,10890.3
01-16-2019,180.6476,10886.8
01-15-2019,180.7718,10737.6
01-14-2019,180.3954,10794.95
01-11-2019,181.4391,10821.6
01-10-2019,181.8753,10855.15
01-09-2019,181.8109,10802.15
01-08-2019,181.0697,10771.8
01-07-2019,178.7176,10727.35
01-04-2019,178.651,10672.25
01-03-2019,176.662,10792.5
01-02-2019,178.0014,10910.1
01-01-2019,179.5767,10862.55
12-31-2018,178.729,10859.9
12-28-2018,178.5029,10779.8
12-27-2018,176.2863,10729.85
12-26-2018,176.1948,10663.5
12-24-2018,175.244,10754
12-21-2018,176.2978,10951.7
12-20-2018,178.8707,10967.3
12-19-2018,179.813,10908.7
12-18-2018,177.0214,10888.35
12-17-2018,176.1601,10805.45
12-14-2018,175.5546,10791.55
12-13-2018,175.4617,10737.6
12-12-2018,174.5268,10549.15
12-11-2018,170.8258,10488.45
12-10-2018,168.2177,10693.7
12-07-2018,171.5366,10601.15
12-06-2018,170.8337,10782.9
12-05-2018,173.8357,10869.5
12-04-2018,176.553,10883.75
12-03-2018,177.7183,10876.75
11-30-2018,178.2206,10858.7
11-29-2018,177.396,10728.85
11-28-2018,175.395,10685.6
11-27-2018,175.7052,10628.6
11-26-2018,175.7258,10526.75
11-22-2018,174.4219,10600.05
11-21-2018,176.2931,10656.2
11-20-2018,175.4235,10763.4
11-19-2018,177.7956,10682.2
11-16-2018,176.8672,10616.7
11-15-2018,176.5592,10576.3
11-14-2018,175.4947,10582.5
11-13-2018,174.9094,10482.2
11-12-2018,173.9941,10585.2
11-09-2018,175.5128,10598.4
11-06-2018,173.2977,10530
11-05-2018,174.1751,10524
11-02-2018,174.0812,10553
11-01-2018,172.1523,10380.45
10-31-2018,171.9656,10386.6
10-30-2018,169.0927,10198.4
10-29-2018,168.8176,10250.85
10-26-2018,164.117,10030
10-25-2018,164.9242,10124.9
10-24-2018,166.9747,10224.75
10-23-2018,166.749,10146.8
10-22-2018,168.2165,10245.25
10-19-2018,168.785,10303.55
10-17-2018,170.6673,10453.05
10-16-2018,172.4629,10584.75
10-15-2018,171.2844,10512.5
10-12-2018,169.7016,10472.5
10-11-2018,167.3293,10234.65
10-10-2018,170.224,10460.1
10-09-2018,167.835,10301.05
10-08-2018,167.6906,10348.05
10-05-2018,168.7231,10316.45
10-04-2018,172.2798,10599.25
10-03-2018,175.6866,10858.25
10-01-2018,176.397,11008.3
09-28-2018,175.6981,10930.45
09-27-2018,177.3858,10977.55
09-26-2018,179.3753,11053.8
09-25-2018,178.6857,11067.45
09-24-2018,176.5353,10967.4
09-21-2018,180.1084,11143.1
09-19-2018,182.666,11234.35
09-18-2018,183.2436,11278.9
09-17-2018,185.1939,11377.75
09-14-2018,187.1147,11515.2
09-12-2018,184.8291,11369.9
09-11-2018,183.774,11287.5
09-10-2018,186.4843,11438.1
09-07-2018,189.0319,11589.1
09-06-2018,187.4358,11536.9
09-05-2018,184.6711,11476.95
09-04-2018,184.8285,11520.3
09-03-2018,187.0507,11582.35
08-31-2018,188.7891,11680.5
08-30-2018,187.5992,11676.8
08-29-2018,187.0716,11691.9
08-28-2018,187.6855,11738.5
08-27-2018,187.1051,11691.95
08-24-2018,186.0407,11557.1
08-23-2018,185.4341,11582.75
08-21-2018,184.6646,11570.9
08-20-2018,184.5165,11551.75
08-17-2018,182.4831,11470.75
08-16-2018,180.2653,11385.05
08-14-2018,181.7701,11435.1
08-13-2018,180.9238,11355.75
08-10-2018,181.4903,11429.5
08-09-2018,182.6519,11470.7
08-08-2018,182.9927,11450
08-07-2018,183.0353,11389.45
08-06-2018,182.4306,11387.1
08-03-2018,181.856,11360.8
08-02-2018,180.3969,11244.7
08-01-2018,182.4492,11346.2
07-31-2018,182.137,11356.5
07-30-2018,181.7548,11319.55
07-27-2018,181.6222,11278.35
07-26-2018,180.1866,11167.3
07-25-2018,179.6916,11132
07-24-2018,179.6381,11134.3
07-23-2018,176.8961,11084.75
07-20-2018,174.721,11010.2
07-19-2018,173.8596,10957.1
07-18-2018,174.6788,10980.45
07-17-2018,175.6361,11008.05
07-16-2018,174.6048,10936.85
07-13-2018,176.9044,11018.9
07-12-2018,177.5122,11023.2
07-11-2018,176.9115,10948.3
07-10-2018,178.0145,10947.25
07-09-2018,176.9468,10852.9
07-06-2018,175.6948,10772.65
07-05-2018,175.0719,10749.75
07-04-2018,174.9452,10769.9
07-03-2018,174.7617,10699.9
07-02-2018,173.8307,10657.3
06-29-2018,175.1641,10714.3
06-28-2018,173.7595,10589.1
06-27-2018,175.0404,10671.4
06-26-2018,175.9226,10769.15
06-25-2018,175.1728,10762.45
06-22-2018,176.406,10821.85
06-21-2018,175.5937,10741.1
06-20-2018,176.8224,10772.05
06-19-2018,176.2366,10710.45
06-18-2018,177.3068,10799.85
06-15-2018,177.1485,10817.7
06-14-2018,177.549,10808.05
06-13-2018,177.6678,10856.7
06-12-2018,178.2609,10842.85
06-11-2018,177.3981,10786.95
06-08-2018,176.7047,10767.65
06-07-2018,176.9691,10768.35
06-06-2018,175.3407,10684.65
06-05-2018,173.918,10593.15
06-04-2018,175.0043,10628.5
06-01-2018,176.2914,10696.2
05-31-2018,177.298,10736.15
05-30-2018,176.7676,10614.35
05-29-2018,176.9307,10633.3
05-28-2018,177.4316,10688.65
05-25-2018,175.8374,10605.15
05-24-2018,174.2986,10513.85
05-23-2018,174.9612,10430.35
05-22-2018,175.7543,10536.7
05-21-2018,175.2826,10516.7
05-18-2018,177.2489,10596.4
05-17-2018,178.9377,10682.7
05-16-2018,179.2245,10741.1
05-15-2018,179.0525,10801.85
05-14-2018,180.0457,10806.6
05-11-2018,179.7003,10806.5
05-10-2018,178.7147,10716.55
05-09-2018,179.9082,10741.7
05-08-2018,179.6082,10717.8
05-07-2018,179.8409,10715.5
05-04-2018,178.6371,10618.25
05-03-2018,179.894,10679.65
05-02-2018,181.2442,10718.05
04-30-2018,182.1829,10739.35
04-27-2018,181.2971,10692.3
04-26-2018,180.068,10617.8
04-25-2018,180.1152,10570.55
04-24-2018,180.7414,10614.35
04-23-2018,180.1966,10584.7
04-20-2018,179.6796,10564.05
04-19-2018,180.5917,10565.3
04-18-2018,179.7565,10526.2
04-17-2018,179.8302,10548.7
04-16-2018,180.3265,10528.35
04-13-2018,179.2801,10480.6
04-12-2018,178.9774,10458.65
04-11-2018,179.1906,10417.15
04-10-2018,179.2844,10402.25
04-09-2018,178.9702,10379.35
04-06-2018,179.0239,10331.6
04-05-2018,178.1734,10325.15
04-04-2018,176.345,10128.4
04-03-2018,177.6358,10245
04-02-2018,176.9085,10211.8
03-31-2018,174.3756,10113.7
03-28-2018,174.3945,10184.15
03-27-2018,174.6666,10130.65
03-26-2018,173.3085,9998.05
03-23-2018,171.653,10114.75
03-22-2018,172.7778,10155.25
03-21-2018,173.4073,10124.35
03-20-2018,173.5527,10094.25
03-19-2018,173.2191,10195.15
03-16-2018,174.5278,10360.15
03-15-2018,175.9457,10410.9
03-14-2018,176.261,10426.85
03-13-2018,175.9849,10421.4
03-12-2018,175.5116,10226.85
03-09-2018,174.6523,10242.65
03-08-2018,174.5187,10154.2
03-07-2018,173.8744,10249.25
03-06-2018,175.995,10358.85
03-05-2018,176.9692,10458.35
03-01-2018,179.1004,10492.85
02-28-2018,179.2919,10554.3
02-27-2018,179.68,10582.6
02-26-2018,179.7946,10491.05
02-23-2018,177.651,10382.7
02-22-2018,175.9972,10397.45
02-21-2018,175.8462,10360.4
02-20-2018,176.0561,10378.4
02-19-2018,175.5336,10452.3
02-16-2018,177.038,10545.5
02-15-2018,178.4849,10500.9
02-14-2018,180.0168,10539.75
02-12-2018,179.5076,10454.95
02-09-2018,177.7147,10576.85
02-08-2018,178.161,10476.7
02-07-2018,174.6668,10498.25
02-06-2018,173.8882,10666.55
02-05-2018,175.6367,10760.6
02-02-2018,176.9984,11016.9
02-01-2018,182.2313,11027.7
01-31-2018,180.4911,11049.65
01-30-2018,180.9732,11130.4
01-29-2018,181.5811,11069.65
01-25-2018,181.5528,11086
01-24-2018,182.6545,11083.7
01-23-2018,183.7659,10966.2
01-22-2018,183.3568,10894.7
01-19-2018,182.684,10817
01-18-2018,181.8901,10788.55
01-17-2018,183.6975,10700.45
01-16-2018,182.4843,10741.55
01-15-2018,184.9738,10681.25
01-12-2018,184.3125,10651.2
01-11-2018,184.2761,10632.2
01-10-2018,184.0091,10637
01-09-2018,184.661,10623.6
01-08-2018,184.4729,10558.85
01-05-2018,183.8948,10504.8
01-04-2018,182.1646,10443.2
01-03-2018,180.8881,10442.2
01-02-2018,179.6707,10435.55
01-01-2018,180.635,10530.7
12-29-2017,181.0426,10477.9
12-28-2017,180.6487,10490.75
12-27-2017,180.6071,10531.5
12-26-2017,181.4235,10493
12-22-2017,181.4499,10440.3
12-21-2017,181.1874,10444.2
12-20-2017,180.0576,10463.2
12-19-2017,179.9231,10388.75
12-18-2017,178.2445,10333.25
12-15-2017,176.9194,10252.1
12-14-2017,174.5771,10192.95
12-13-2017,174.0337,10240.15
12-12-2017,174.6591,10322.25
12-11-2017,176.1325,10265.65
12-08-2017,175.48,10166.7
12-07-2017,173.9023,10044.1
12-06-2017,171.9396,10118.25
12-05-2017,173.3257,10127.75
12-04-2017,173.4014,10121.8
12-01-2017,173.4906,10226.55
11-30-2017,174.7723,10361.3
11-29-2017,175.919,10370.25
11-28-2017,176.4257,10399.55
11-27-2017,175.9387,10389.7
11-24-2017,175.3924,10348.75
11-23-2017,175.7312,10342.3
11-22-2017,175.7982,10326.9
11-21-2017,174.1813,10298.75
11-20-2017,173.8668,10283.6
11-17-2017,172.1246,10214.75
11-16-2017,171.0778,10118.05
11-15-2017,170.4554,10186.6
11-14-2017,171.0824,10224.95
11-13-2017,169.6072,10321.75
11-10-2017,171.2601,10308.95
11-09-2017,170.5058,10303.15
11-08-2017,169.977,10350.15
11-07-2017,170.1713,10451.8
11-06-2017,171.8959,10452.5
11-03-2017,171.595,10423.8
11-02-2017,170.8202,10440.5
11-01-2017,171.3254,10335.3
10-31-2017,169.5497,10363.65
10-30-2017,169.9177,10323.05
10-27-2017,168.3118,10343.8
10-26-2017,167.6925,10295.35
10-25-2017,167.1441,10207.7
10-24-2017,165.2697,10184.85
10-23-2017,165.2397,10146.55
10-18-2017,164.3086,10210.85
10-17-2017,164.6305,10234.45
10-16-2017,164.5749,10230.85
10-13-2017,164.0406,10167.45
10-12-2017,163.7623,10096.4
10-11-2017,162.855,9984.8
10-10-2017,163.7094,10016.95
10-09-2017,163.4174,9988.75
10-06-2017,163.1923,9979.7
10-05-2017,161.7294,9888.7
10-04-2017,161.4145,9914.9
10-03-2017,161.0121,9859.5
09-29-2017,160.2146,9788.6
09-28-2017,159.4878,9768.95
09-27-2017,158.7792,9735.75
09-26-2017,161.6615,9871.5
09-25-2017,160.8071,9872.6
09-22-2017,162.9841,9964.4
09-21-2017,166.5988,10121.9
09-20-2017,167.3884,10141.15
09-19-2017,167.6439,10147.55
09-18-2017,167.2585,10153.1
09-15-2017,166.6299,10085.4
09-14-2017,166.8239,10086.6
09-13-2017,166.885,10079.3
09-12-2017,167.4388,10093.05
09-11-2017,165.1109,10006.05
09-08-2017,163.4675,9934.8
09-07-2017,163.0518,9929.9
09-06-2017,161.4171,9916.2
09-05-2017,161.487,9952.2
09-04-2017,160.9799,9912.85
09-01-2017,162.0013,9974.4
08-31-2017,160.9025,9917.9
08-30-2017,160.8359,9884.4
08-29-2017,159.5131,9796.05
08-28-2017,160.8567,9912.8
08-24-2017,159.5948,9857.05
08-23-2017,159.9414,9852.5
08-22-2017,158.5465,9765.55
08-21-2017,159.2946,9754.35
08-18-2017,160.0516,9837.4
08-17-2017,160.9603,9904.15
08-16-2017,161.3964,9897.3
08-14-2017,160.2779,9794.15
08-11-2017,157.6224,9710.8
08-10-2017,157.922,9820.25
08-09-2017,160.2474,9908.05
08-08-2017,162.3317,9978.55
08-07-2017,159.0499,10057.4
08-04-2017,157.3295,10066.4
08-03-2017,157.7149,10013.65
08-02-2017,158.4262,10081.5
08-01-2017,158.8334,10114.65
07-31-2017,159.1024,10077.1
07-28-2017,158.498,10014.5
07-27-2017,158.1758,10020.55
07-26-2017,158.866,10020.65
07-25-2017,158.485,9964.55
07-24-2017,157.8619,9966.4
07-21-2017,158.4317,9915.25
07-20-2017,158.7965,9873.3
07-19-2017,158.1663,9899.6
07-18-2017,157.3122,9827.15
07-17-2017,157.6013,9915.95
07-14-2017,157.3454,9886.35
07-13-2017,157.7982,9891.7
07-12-2017,157.1664,9816.1
07-11-2017,156.5513,9786.05
07-10-2017,157.2984,9771.05
07-07-2017,156.5905,9665.8
07-06-2017,156.9251,9674.55
07-05-2017,157.4018,9637.6
07-04-2017,156.6193,9613.3
07-03-2017,155.7005,9615
06-30-2017,154.1923,9520.9
06-29-2017,153.3447,9504.1
06-28-2017,152.0478,9491.25
06-27-2017,152.1076,9511.4
06-23-2017,153.6723,9574.95
06-22-2017,155.5434,9630
06-21-2017,156.2693,9633.6
06-20-2017,156.429,9653.5
06-19-2017,155.4055,9657.55
06-16-2017,154.6603,9588.05
06-15-2017,154.044,9578.05
06-14-2017,153.9255,9618.15
06-13-2017,153.5704,9606.9
06-12-2017,154.4866,9616.4
06-09-2017,155.2453,9668.25
06-08-2017,155.0258,9647.25
06-07-2017,155.0964,9663.9
06-06-2017,153.7274,9637.15
06-05-2017,154.2633,9675.1
06-02-2017,153.3405,9653.5
06-01-2017,153.113,9616.1
05-31-2017,152.4573,9621.25
05-30-2017,150.8903,9624.55
05-29-2017,150.6789,9604.9
05-26-2017,152.196,9595.1
05-25-2017,150.8714,9509.75
05-24-2017,148.3699,9360.55
05-23-2017,148.8667,9386.15
05-22-2017,150.35,9438.25
05-19-2017,150.8953,9427.9
05-18-2017,151.8224,9429.45
05-17-2017,154.5539,9525.75
05-16-2017,153.9213,9512.25
05-15-2017,153.9474,9445.4
05-12-2017,152.7204,9400.9
05-11-2017,153.4957,9422.4
05-10-2017,153.7719,9407.3
05-09-2017,153.2805,9316.85
05-08-2017,152.488,9314.05
05-05-2017,152.0372,9285.3
05-04-2017,152.6536,9359.9
05-03-2017,152.074,9311.95
05-02-2017,152.9873,9313.8
04-28-2017,152.1788,9304.05
04-27-2017,151.822,9342.15
04-26-2017,152.1387,9351.85
04-25-2017,152.4748,9306.6
04-24-2017,152.2265,9217.95
04-21-2017,150.8546,9119.4
04-20-2017,151.2354,9136.4
04-19-2017,150.2753,9103.5
04-18-2017,149.5887,9105.15
04-17-2017,150.499,9139.3
04-13-2017,149.3085,9150.8
04-12-2017,149.1176,9203.45
04-11-2017,149.5357,9237
04-10-2017,148.2445,9181.45
04-07-2017,147.6013,9198.3
04-06-2017,148.7507,9261.95
04-05-2017,148.77,9265.15
04-03-2017,149.1393,9237.85
03-31-2017,146.6926,9173.75
03-30-2017,146.2869,9173.75
03-29-2017,145.8872,9143.8
03-28-2017,145.5239,9100.8
03-27-2017,144.6731,9045.2
03-24-2017,144.3806,9108
03-23-2017,144.2262,9086.3
03-22-2017,143.1658,9030.45
03-21-2017,144.0233,9121.5
03-20-2017,144.64,9126.85
03-17-2017,144.5788,9160.05
03-16-2017,145.188,9153.7
03-15-2017,143.6232,9084.8
03-14-2017,143.2886,9087
03-10-2017,140.3508,8934.55
03-09-2017,141.1872,8927
03-08-2017,141.038,8924.3
03-07-2017,141.625,8946.9
03-06-2017,141.4935,8963.45
03-03-2017,141.2559,8897.55
03-02-2017,139.7174,8899.75
03-01-2017,141.0617,8945.8
02-28-2017,139.9299,8879.6
02-27-2017,139.7802,8896.7
02-23-2017,140.1106,8939.5
02-22-2017,139.452,8926.9
02-21-2017,139.7009,8907.85
02-20-2017,139.4874,8879.2
02-17-2017,139.0336,8821.7
02-16-2017,138.3375,8778
02-15-2017,136.8125,8724.7
02-14-2017,138.3969,8792.3
02-13-2017,138.2999,8805.05
02-10-2017,138.4147,8793.55
02-09-2017,137.9522,8778.4
02-08-2017,137.715,8769.05
02-07-2017,137.0997,8768.3
02-06-2017,137.2838,8801.05
02-03-2017,136.6699,8740.95
02-02-2017,137.0968,8734.25
02-01-2017,136.3556,8716.4
01-31-2017,134.504,8561.3
01-30-2017,136.3928,8632.75
01-27-2017,136.2181,8641.25
01-25-2017,135.107,8602.75
01-24-2017,134.5926,8475.8
01-23-2017,133.8025,8391.5
01-20-2017,133.2901,8349.35
01-19-2017,135.0718,8435.1
01-18-2017,135.0264,8417
01-17-2017,134.6398,8398
01-16-2017,134.6076,8412.8
01-13-2017,134.2616,8400.35
01-12-2017,134.3034,8407.2
01-11-2017,134.0958,8380.65
01-10-2017,133.1486,8288.6
01-09-2017,133.1753,8236.05
01-06-2017,132.5351,8243.8
01-05-2017,133.1468,8273.8
01-04-2017,132.1796,8190.5
01-03-2017,132.0832,8192.25
01-02-2017,131.2128,8179.5
12-30-2016,130.9582,8185.8
12-29-2016,129.1959,8103.6
12-28-2016,128.0934,8034.85
12-27-2016,127.2346,8032.85
12-26-2016,125.5882,7908.25
12-23-2016,127.4117,7985.75
12-22-2016,127.5092,7979.1
12-21-2016,129.2362,8061.3
12-20-2016,129.8638,8082.4
12-19-2016,131.5319,8104.35
12-16-2016,132.3661,8139.45
12-15-2016,131.7836,8153.6
12-14-2016,131.5564,8182.45
12-13-2016,131.955,8221.8
12-12-2016,131.7047,8170.8
12-09-2016,132.5482,8261.75
12-08-2016,132.6579,8246.85
12-07-2016,130.5223,8102.05
12-06-2016,131.3154,8143.15
12-05-2016,131.0271,8128.75
12-02-2016,130.7567,8086.8
12-01-2016,131.9729,8192.9
11-30-2016,132.7825,8224.5
11-29-2016,131.5047,8142.15
11-28-2016,131.3643,8126.9
11-25-2016,131.3618,8114.3
11-24-2016,128.8434,7965.5
11-23-2016,128.707,8033.3
11-22-2016,127.0452,8002.3
11-21-2016,125.9303,7929.1
11-18-2016,129.4447,8074.1
11-17-2016,128.8759,8079.95
11-16-2016,129.3074,8111.6
11-15-2016,129.0818,8108.45
11-11-2016,134.8453,8296.3
11-10-2016,139.13,8525.75
11-09-2016,137.5991,8432
11-08-2016,140.236,8543.55
11-07-2016,139.5866,8497.05
11-04-2016,137.7626,8433.75
11-03-2016,140.1532,8484.95
11-02-2016,141.2401,8514
11-01-2016,142.8693,8626.25
10-28-2016,142.1217,8625.7
10-27-2016,141.179,8638
10-26-2016,141.7999,8615.25
10-25-2016,143.0509,8615.25
10-24-2016,142.9488,8691.3
10-21-2016,143.0261,8708.95
10-20-2016,143.314,8693.05
10-19-2016,143.3958,8699.4
10-18-2016,142.8973,8659.1
10-17-2016,141.1073,8677.9
10-14-2016,141.342,8520.4
10-13-2016,140.2017,8583.4
10-10-2016,142.6528,8573.35
10-07-2016,142.6881,8708.8
10-06-2016,143.2016,8697.6
10-05-2016,143.8022,8709.55
10-04-2016,142.2161,8743.95
10-03-2016,141.3797,8769.15
09-30-2016,138.5722,8738.1
09-29-2016,136.5692,8611.15
09-28-2016,140.96,8591.25
09-27-2016,140.0174,8745.15
09-26-2016,140.3227,8706.4
09-23-2016,141.3089,8723.05
09-22-2016,141.1993,8831.55
09-21-2016,139.3341,8867.45
09-20-2016,139.1051,8777.15
09-19-2016,139.1002,8775.9
09-16-2016,139.3332,8808.4
09-15-2016,138.8278,8779.85
09-14-2016,138.7523,8742.55
09-12-2016,138.3846,8726.6
09-09-2016,140.521,8715.6
09-08-2016,140.7089,8866.7
09-07-2016,140.4888,8952.5
09-06-2016,140.9751,8917.95
09-02-2016,140.0879,8943
09-01-2016,138.676,8809.65
08-31-2016,138.8553,8774.65
08-30-2016,139.1277,8786.2
08-29-2016,137.5634,8744.35
08-26-2016,136.3373,8607.45
08-25-2016,135.8906,8572.55
08-24-2016,136.0978,8592.2
08-23-2016,136.1605,8650.3
08-22-2016,136.1701,8632.6
08-19-2016,136.6135,8629.15
08-18-2016,136.6689,8666.9
08-17-2016,135.8357,8673.25
08-16-2016,135.1407,8624.05
08-12-2016,135.4446,8642.55
08-11-2016,136.0873,8672.15
08-10-2016,136.4086,8592.15
08-09-2016,137.7026,8575.3
08-08-2016,137.5574,8678.25
08-05-2016,136.0552,8711.35
08-04-2016,133.5907,8683.15
08-03-2016,133.4464,8551.1
08-02-2016,134.0077,8544.85
08-01-2016,134.4266,8622.9
07-29-2016,134.4843,8636.55
07-28-2016,134.8304,8638.5
07-27-2016,135.1812,8666.3
07-26-2016,133.8168,8615.8
07-25-2016,134.381,8590.65
07-22-2016,133.3714,8635.65
07-21-2016,132.6837,8541.2
07-20-2016,133.1132,8510.1
07-19-2016,132.5486,8565.85
07-18-2016,132.8508,8528.55
07-15-2016,133.1945,8508.7
07-14-2016,134.35,8541.4
07-13-2016,134.0958,8565
07-12-2016,134.8102,8519.5
07-11-2016,134.8524,8521.05
07-08-2016,133.9329,8467.9
07-07-2016,134.0992,8323.2
07-05-2016,134.3827,8337.9
07-04-2016,134.3269,8335.95
07-01-2016,133.4108,8370.7
06-30-2016,132.7575,8328.35
06-29-2016,131.221,8287.75
06-28-2016,129.7602,8204
06-27-2016,129.6798,8127.85
06-24-2016,128.6965,8094.7
06-23-2016,130.0341,8088.6
06-22-2016,129.9617,8270.45
06-21-2016,130.0061,8203.7
06-20-2016,129.8138,8219.9
06-17-2016,129.8695,8238.5
06-16-2016,129.4717,8170.2
06-15-2016,130.11,8140.75
06-14-2016,129.1358,8206.6
06-13-2016,128.8126,8108.85
06-10-2016,130.0644,8110.6
06-09-2016,130.6771,8170.05
06-08-2016,130.9631,8203.6
06-07-2016,130.2079,8273.05
06-06-2016,129.8726,8266.45
06-03-2016,129.7969,8201.05
06-02-2016,129.313,8220.8
06-01-2016,129.4922,8218.95
05-31-2016,129.6244,8179.95
05-30-2016,130.5154,8160.1
05-27-2016,130.5995,8178.5
05-26-2016,129.0118,8156.65
05-25-2016,127.8401,8069.65
05-24-2016,126.9586,7934.9
05-23-2016,126.9215,7748.85
05-20-2016,127.8689,7731.05
05-19-2016,128.7829,7749.7
05-18-2016,129.6946,7783.4
05-17-2016,128.7116,7870.15
05-16-2016,128.9005,7890.75
05-13-2016,129.2118,7860.75
05-12-2016,130.5718,7814.9
05-11-2016,129.4799,7900.4
05-10-2016,129.0751,7848.85
05-09-2016,128.843,7887.8
05-06-2016,126.8406,7866.05
05-05-2016,127.0273,7733.45
05-04-2016,126.5737,7735.5
05-03-2016,127.5646,7747
05-02-2016,128.5766,7805.9
04-29-2016,128.1102,7849.8
04-28-2016,127.0449,7847.25
04-27-2016,128.8463,7979.9
04-26-2016,128.7489,7962.65
04-25-2016,127.8458,7855.05
04-22-2016,127.96,7899.3
04-21-2016,128.0918,7912.05
04-20-2016,128.5563,7914.75
04-18-2016,128.4574,7914.7
04-13-2016,126.4055,7850.45
04-12-2016,124.7439,7708.95
04-11-2016,124.0478,7671.4
04-08-2016,123.2969,7555.2
04-07-2016,123.4621,7546.45
04-06-2016,124.1389,7614.35
04-05-2016,123.5202,7603.2
04-04-2016,124.634,7758.8
04-01-2016,122.5923,7713.05
03-31-2016,121.6542,7738.4
03-30-2016,121.3324,7735.2
03-29-2016,119.9302,7597
03-28-2016,120.256,7615.1
03-23-2016,121.4295,7716.5
03-22-2016,120.972,7714.9
03-21-2016,120.8586,7704.25
03-18-2016,119.532,7604.35
03-17-2016,118.7931,7512.55
03-16-2016,117.9187,7498.75
03-15-2016,117.6275,7460.6
03-14-2016,118.8301,7538.75
03-11-2016,118.4516,7510.2
03-10-2016,118.8427,7486.15
03-09-2016,119.2165,7531.8
03-08-2016,118.4081,7485.3
03-04-2016,118.4292,7485.35
03-03-2016,117.8853,7475.6
03-02-2016,116.6008,7368.85
03-01-2016,113.8761,7222.3
02-29-2016,109.9401,6987.05
02-26-2016,110.8631,7029.75
02-25-2016,110.934,6970.6
02-24-2016,112.2638,7018.7
02-23-2016,113.9705,7109.55
02-22-2016,115.4377,7234.55
02-19-2016,115.2046,7210.75
02-18-2016,114.7688,7191.75
02-17-2016,113.8351,7108.45
02-16-2016,114.1957,7048.25
02-15-2016,116.4822,7162.95
02-12-2016,113.4812,6980.95
02-11-2016,113.778,6976.35
02-10-2016,118.6908,7215.7
02-09-2016,119.8656,7298.2
02-08-2016,121.8681,7387.25
02-05-2016,121.6815,7489.1
02-04-2016,120.6936,7404
02-03-2016,120.6908,7361.8
02-02-2016,123.0699,7455.55
02-01-2016,125.0037,7555.95
01-29-2016,125.4013,7563.55
01-28-2016,122.897,7424.65
01-27-2016,123.2189,7437.75
01-25-2016,123.0345,7436.15
01-22-2016,121.1981,7422.45
01-21-2016,117.9795,7276.8
01-20-2016,118.3255,7309.3
01-19-2016,121.5024,7435.1
01-18-2016,118.6385,7351
01-15-2016,122.4666,7437.8
01-14-2016,125.4139,7536.8
01-13-2016,127.5611,7562.4
01-12-2016,129.2028,7510.3
01-11-2016,131.4406,7563.85
01-08-2016,133.7128,7601.35
01-07-2016,130.4557,7568.3
01-06-2016,134.6361,7741
01-05-2016,133.5621,7784.65
01-04-2016,132.3904,7791.3
01-01-2016,133.9623,7963.2
12-31-2015,132.9748,7946.35
12-30-2015,131.6302,7896.25
12-29-2015,131.3447,7928.95
12-28-2015,131.1974,7925.15
12-24-2015,131.3571,7861.05
12-23-2015,131.095,7865.95
12-22-2015,130.1598,7786.1
12-21-2015,130.3707,7834.45
12-18-2015,129.5762,7761.95
12-17-2015,130.1824,7844.35
12-16-2015,128.4186,7750.9
12-15-2015,126.943,7700.9
12-14-2015,126.181,7650.05
12-11-2015,126.3219,7610.45
12-10-2015,127.4876,7683.3
12-09-2015,125.7526,7612.5
12-08-2015,128.0595,7701.7
12-07-2015,129.571,7765.4
12-04-2015,128.9805,7781.9
12-03-2015,129.2284,7864.15
12-02-2015,130.3449,7931.35
12-01-2015,130.7826,7954.9
11-30-2015,130.4624,7935.25
11-27-2015,129.3599,7942.7
11-26-2015,129.0735,7883.8
11-24-2015,128.1627,7831.6
11-23-2015,127.3843,7849.25
11-20-2015,127.286,7856.55
11-19-2015,126.515,7842.75
11-18-2015,125.3883,7731.8
11-17-2015,125.2377,7837.55
11-16-2015,124.4403,7806.6
11-13-2015,124.4218,7762.25
11-10-2015,123.8068,7825
11-09-2015,125.221,7783.35
11-06-2015,124.1883,7915.2
11-05-2015,124.5455,7955.45
11-04-2015,124.5587,8040.2
11-03-2015,124.8762,8060.7
11-02-2015,124.1386,8050.8
10-30-2015,123.3941,8065.8
10-28-2015,124.3921,8111.75
10-27-2015,124.394,8171.2
10-26-2015,124.3081,8232.9
10-23-2015,125.2173,8260.55
10-21-2015,125.3093,8295.45
10-20-2015,125.5902,8251.7
10-19-2015,125.4741,8261.65
10-16-2015,124.8987,8275.05
10-15-2015,124.8105,8238.15
10-14-2015,124.2657,8179.5
10-13-2015,124.8805,8107.9
10-12-2015,125.2094,8131.7
10-09-2015,125.3015,8143.6
10-08-2015,124.5635,8189.7
10-07-2015,124.9677,8129.35
10-06-2015,124.9398,8177.4
10-05-2015,124.8325,8152.9
10-01-2015,123.5331,8119.3
09-30-2015,123.9445,7950.9
09-29-2015,122.5072,7948.9
09-28-2015,122.1999,7843.3
09-24-2015,122.5635,7795.7
09-23-2015,122.241,7868.5
09-22-2015,121.9891,7845.95
09-21-2015,123.2553,7812
09-18-2015,123.4137,7977.1
09-16-2015,121.6175,7981.9
09-15-2015,121.3728,7899.15
09-14-2015,121.8851,7829.1
09-11-2015,120.6737,7872.25
09-10-2015,120.6584,7789.3
09-09-2015,120.9708,7788.1
09-08-2015,118.8848,7818.6
09-07-2015,117.8561,7688.25
09-04-2015,119.7141,7558.8
09-03-2015,122.1324,7655.05
09-02-2015,120.6621,7823
09-01-2015,121.0809,7717
08-31-2015,122.7557,7785.85
08-28-2015,123.5498,7971.3
08-27-2015,123.3313,8001.95
08-26-2015,120.443,7948.95
08-25-2015,120.8063,7791.85
08-24-2015,118.8623,7880.7
08-21-2015,128.6001,7809
08-20-2015,128.698,8299.95
08-19-2015,129.7907,8372.75
08-18-2015,129.3189,8495.15
08-17-2015,128.4254,8466.55
08-14-2015,128.3932,8477.3
08-13-2015,126.526,8518.55
08-12-2015,127.0221,8355.85
08-11-2015,128.9207,8349.45
08-10-2015,129.0872,8462.35
08-07-2015,129.5289,8525.6
08-06-2015,130.0267,8564.6
08-05-2015,130.2253,8588.65
08-04-2015,129.9994,8567.95
08-03-2015,129.834,8516.9
07-31-2015,129.7263,8543.05
07-30-2015,127.4651,8532.85
07-29-2015,127.0767,8421.8
07-28-2015,126.5984,8375.05
07-27-2015,126.6746,8337
07-24-2015,128.2405,8361
07-23-2015,129.2736,8521.55
07-22-2015,127.7781,8589.8
07-21-2015,127.063,8633.5
07-20-2015,127.6446,8529.45
07-17-2015,127.9745,8603.45
07-16-2015,127.7179,8609.85
07-15-2015,126.3899,8608.05
07-14-2015,126.2065,8523.8
07-13-2015,125.6995,8454.1
07-10-2015,124.9211,8459.65
07-09-2015,124.818,8360.55
07-08-2015,125.0093,8328.55
07-07-2015,126.7095,8363.05
07-06-2015,125.517,8510.8
07-03-2015,124.7911,8522.15
07-02-2015,124.9221,8484.9
07-01-2015,124.4199,8444.9
06-30-2015,121.8979,8453.05
06-29-2015,120.8469,8368.5
06-26-2015,122.3299,8318.4
06-25-2015,122.0344,8381.1
06-24-2015,122.0503,8398
06-23-2015,122.6642,8360.85
06-22-2015,122.3257,8381.55
06-19-2015,121.1843,8353.1
06-18-2015,120.9881,8224.95
06-17-2015,119.7682,8174.6
06-16-2015,118.9919,8091.55
06-15-2015,118.882,8047.3
06-12-2015,118.3206,8013.9
06-11-2015,118.3731,7982.9
06-10-2015,119.7426,7965.35
06-09-2015,118.1488,8124.45
06-08-2015,118.6354,8022.4
06-05-2015,119.6783,8044.15
06-04-2015,119.1382,8114.7
06-03-2015,118.9772,8130.65
06-02-2015,120.4311,8135.1
06-01-2015,122.5306,8236.45
05-29-2015,122.7886,8433.4
05-28-2015,121.3702,8433.65
05-27-2015,121.7891,8319
05-26-2015,121.9374,8334.6
05-25-2015,122.1193,8339.35
